source_name,source_url,fetch_status,candidate_links_found,article_pages_opened,date_parsed_count,accepted_count,rejected_date_count,rejected_relevance_count,uncertain_date_count,failed_count,zero_result_reason,error,notes,checked_at
Al Wasat,https://alwasat.ly/section/libya | https://alwasat.ly/feed/ | https://alwasat.ly/rss/ | https://alwasat.ly/?s=UNSMIL+Libya | https://alwasat.ly/?s=structured+dialogue+reaction | https://alwasat.ly/?s=Libya+arrests | https://alwasat.ly/?s=Libya+migrant+smuggling | https://alwasat.ly/?s=Libya+oil+production | https://alwasat.ly/?s=Libya+rain | https://alwasat.ly/?s=Libya+Egypt+talks | https://alwasat.ly/?s=Libya+analysis,ok,809,50,59,27,0,494,288,0,,,"rejected_non_article=0; article_fetch_errors=0; successful_recovery_methods=['requests_with_browser_headers', 'requests:article_page_verification']; rejected_non_article=0; article_fetch_errors=0; successful_recovery_methods=['requests', 'requests_with_browser_headers:article_page_verification']; contextual_pass=section_coverage:United Nations; rejected_non_article=0; article_fetch_errors=0; successful_recovery_methods=['requests', 'requests_with_browser_headers:article_page_verification']; contextual_pass=section_coverage:Politics; rejected_non_article=0; article_fetch_errors=0; successful_recovery_methods=['requests', 'requests_with_browser_headers:article_page_verification']; contextual_pass=section_coverage:Military & Security; rejected_non_article=0; article_fetch_errors=0; successful_recovery_methods=['requests', 'requests_with_browser_headers:article_page_verification']; contextual_pass=section_coverage:Human Rights & Rule of Law; rejected_non_article=0; article_fetch_errors=0; successful_recovery_methods=['requests', 'requests_with_browser_headers:article_page_verification']; contextual_pass=section_coverage:Economy & Energy; rejected_non_article=0; article_fetch_errors=0; successful_recovery_methods=['requests', 'requests_with_browser_headers:article_page_verification']; contextual_pass=section_coverage:Environment; rejected_non_article=0; article_fetch_errors=0; successful_recovery_methods=['requests', 'requests_with_browser_headers:article_page_verification']; contextual_pass=section_coverage:Regional & International; rejected_non_article=0; article_fetch_errors=0; successful_recovery_methods=['requests', 'requests_with_browser_headers:article_page_verification']; contextual_pass=section_coverage:Varieties",2026-06-17T06:49:09Z
Libya Observer,https://libyaobserver.ly/news | https://libyaobserver.ly/inbrief | https://libyaobserver.ly/economy | https://libyaobserver.ly/?s=UNSMIL+Libya | https://libyaobserver.ly/?s=structured+dialogue+reaction | https://libyaobserver.ly/?s=Libya+arrests | https://libyaobserver.ly/?s=Libya+migrant+smuggling | https://libyaobserver.ly/?s=Libya+oil+production | https://libyaobserver.ly/?s=Libya+rain | https://libyaobserver.ly/?s=Libya+Egypt+talks | https://libyaobserver.ly/?s=Libya+analysis,ok,244,44,100,92,0,32,120,0,,,"rejected_non_article=0; article_fetch_errors=0; successful_recovery_methods=['requests', 'requests:article_page_verification']; rejected_non_article=0; article_fetch_errors=0; successful_recovery_methods=['requests', 'requests:article_page_verification']; contextual_pass=section_coverage:United Nations; rejected_non_article=0; article_fetch_errors=0; successful_recovery_methods=['requests', 'requests:article_page_verification']; contextual_pass=section_coverage:Politics; rejected_non_article=0; article_fetch_errors=0; successful_recovery_methods=['requests', 'requests:article_page_verification']; contextual_pass=section_coverage:Military & Security; rejected_non_article=0; article_fetch_errors=0; successful_recovery_methods=['requests', 'requests:article_page_verification']; contextual_pass=section_coverage:Human Rights & Rule of Law; rejected_non_article=0; article_fetch_errors=0; successful_recovery_methods=['requests', 'requests:article_page_verification']; contextual_pass=section_coverage:Economy & Energy; rejected_non_article=0; article_fetch_errors=0; successful_recovery_methods=['requests', 'requests:article_page_verification']; contextual_pass=section_coverage:Environment; rejected_non_article=0; article_fetch_errors=0; successful_recovery_methods=['requests', 'requests:article_page_verification']; contextual_pass=section_coverage:Regional & International; rejected_non_article=0; article_fetch_errors=0; successful_recovery_methods=['requests', 'requests:article_page_verification']; contextual_pass=section_coverage:Varieties",2026-06-17T06:49:15Z
Libya Al Ahrar,https://libyaalahrar.tv/category/news/ | https://libyaalahrar.tv/feed/ | https://libyaalahrar.tv/?s=UNSMIL+Libya | https://libyaalahrar.tv/?s=structured+dialogue+reaction | https://libyaalahrar.tv/?s=Libya+arrests | https://libyaalahrar.tv/?s=Libya+migrant+smuggling | https://libyaalahrar.tv/?s=Libya+oil+production | https://libyaalahrar.tv/?s=Libya+rain | https://libyaalahrar.tv/?s=Libya+Egypt+talks | https://libyaalahrar.tv/?s=Libya+analysis,ok,66,36,66,36,29,1,0,0,,,"rejected_non_article=0; article_fetch_errors=0; successful_recovery_methods=['requests_with_browser_headers', 'requests_with_browser_headers:article_page_verification']; rejected_non_article=0; article_fetch_errors=0; successful_recovery_methods=['requests_with_browser_headers', 'requests_with_browser_headers:article_page_verification']; contextual_pass=section_coverage:United Nations; rejected_non_article=0; article_fetch_errors=0; successful_recovery_methods=['requests_with_browser_headers', 'requests_with_browser_headers:article_page_verification']; contextual_pass=section_coverage:Politics; rejected_non_article=0; article_fetch_errors=0; successful_recovery_methods=['requests_with_browser_headers', 'requests_with_browser_headers:article_page_verification']; contextual_pass=section_coverage:Military & Security; rejected_non_article=0; article_fetch_errors=0; successful_recovery_methods=['requests_with_browser_headers', 'requests_with_browser_headers:article_page_verification']; contextual_pass=section_coverage:Human Rights & Rule of Law; rejected_non_article=0; article_fetch_errors=0; successful_recovery_methods=['requests_with_browser_headers', 'requests_with_browser_headers:article_page_verification']; contextual_pass=section_coverage:Economy & Energy; rejected_non_article=0; article_fetch_errors=0; successful_recovery_methods=['requests_with_browser_headers', 'requests_with_browser_headers:article_page_verification']; contextual_pass=section_coverage:Environment; rejected_non_article=0; article_fetch_errors=0; successful_recovery_methods=['requests_with_browser_headers', 'requests_with_browser_headers:article_page_verification']; contextual_pass=section_coverage:Regional & International; rejected_non_article=0; article_fetch_errors=0; successful_recovery_methods=['requests_with_browser_headers', 'requests_with_browser_headers:article_page_verification']; contextual_pass=section_coverage:Varieties",2026-06-17T06:49:25Z
Ean Libya,https://www.eanlibya.com/ | https://www.eanlibya.com/newsletter/ | https://www.eanlibya.com/feed/ | https://www.eanlibya.com/?s=UNSMIL+Libya | https://www.eanlibya.com/?s=structured+dialogue+reaction | https://www.eanlibya.com/?s=Libya+arrests | https://www.eanlibya.com/?s=Libya+migrant+smuggling | https://www.eanlibya.com/?s=Libya+oil+production | https://www.eanlibya.com/?s=Libya+rain | https://www.eanlibya.com/?s=Libya+Egypt+talks | https://www.eanlibya.com/?s=Libya+analysis,ok,102,38,69,13,43,38,8,0,all_items_outside_date_window,,"rejected_non_article=0; article_fetch_errors=0; successful_recovery_methods=['requests', 'requests:article_page_verification']; rejected_non_article=0; article_fetch_errors=0; successful_recovery_methods=['requests', 'requests:article_page_verification']; contextual_pass=section_coverage:United Nations; rejected_non_article=0; article_fetch_errors=0; successful_recovery_methods=['requests', 'requests:article_page_verification']; contextual_pass=section_coverage:Politics; rejected_non_article=0; article_fetch_errors=0; successful_recovery_methods=['requests', 'requests:article_page_verification']; contextual_pass=section_coverage:Military & Security; rejected_non_article=0; article_fetch_errors=0; successful_recovery_methods=['requests', 'requests:article_page_verification']; contextual_pass=section_coverage:Human Rights & Rule of Law; rejected_non_article=0; article_fetch_errors=0; successful_recovery_methods=['requests', 'requests:article_page_verification']; contextual_pass=section_coverage:Economy & Energy; rejected_non_article=0; article_fetch_errors=0; successful_recovery_methods=['requests', 'requests:article_page_verification']; contextual_pass=section_coverage:Environment; rejected_non_article=0; article_fetch_errors=0; successful_recovery_methods=['requests', 'requests:article_page_verification']; contextual_pass=section_coverage:Regional & International; rejected_non_article=0; article_fetch_errors=0; successful_recovery_methods=['requests', 'requests:article_page_verification']; contextual_pass=section_coverage:Varieties",2026-06-17T06:50:02Z
Al Menassa,https://almenassa.ly/wide-web-1/ | https://almenassa.ly/ | https://almenassa.ly/feed/ | https://almenassa.ly/?s=UNSMIL+Libya | https://almenassa.ly/?s=structured+dialogue+reaction | https://almenassa.ly/?s=Libya+arrests | https://almenassa.ly/?s=Libya+migrant+smuggling | https://almenassa.ly/?s=Libya+oil+production | https://almenassa.ly/?s=Libya+rain | https://almenassa.ly/?s=Libya+Egypt+talks | https://almenassa.ly/?s=Libya+analysis,ok,41,36,32,23,9,9,0,0,,,"rejected_non_article=0; article_fetch_errors=0; successful_recovery_methods=['requests', 'requests:article_page_verification']; rejected_non_article=0; article_fetch_errors=0; successful_recovery_methods=['requests', 'requests:article_page_verification']; contextual_pass=section_coverage:United Nations; rejected_non_article=0; article_fetch_errors=0; successful_recovery_methods=['requests', 'requests:article_page_verification']; contextual_pass=section_coverage:Politics; rejected_non_article=0; article_fetch_errors=0; successful_recovery_methods=['requests', 'requests:article_page_verification']; contextual_pass=section_coverage:Military & Security; rejected_non_article=0; article_fetch_errors=0; successful_recovery_methods=['requests', 'requests:article_page_verification']; contextual_pass=section_coverage:Human Rights & Rule of Law; rejected_non_article=0; article_fetch_errors=0; successful_recovery_methods=['requests', 'requests:article_page_verification']; contextual_pass=section_coverage:Economy & Energy; rejected_non_article=0; article_fetch_errors=0; successful_recovery_methods=['requests', 'requests:article_page_verification']; contextual_pass=section_coverage:Environment; rejected_non_article=0; article_fetch_errors=0; successful_recovery_methods=['requests', 'requests:article_page_verification']; contextual_pass=section_coverage:Regional & International; rejected_non_article=0; article_fetch_errors=0; successful_recovery_methods=['requests', 'requests:article_page_verification']; contextual_pass=section_coverage:Varieties",2026-06-17T06:50:23Z
LANA,https://lana.gov.ly/category.php?lang=ar&id=8 | https://lana.gov.ly/ | https://lana.gov.ly/feed/ | https://lana.gov.ly/search.php?lang=ar&q=UNSMIL+Libya | https://lana.gov.ly/search.php?lang=ar&q=structured+dialogue+reaction | https://lana.gov.ly/search.php?lang=ar&q=Libya+arrests | https://lana.gov.ly/search.php?lang=ar&q=Libya+migrant+smuggling | https://lana.gov.ly/search.php?lang=ar&q=Libya+oil+production | https://lana.gov.ly/search.php?lang=ar&q=Libya+rain | https://lana.gov.ly/search.php?lang=ar&q=Libya+Egypt+talks | https://lana.gov.ly/search.php?lang=ar&q=Libya+analysis,ok,159,50,159,13,83,63,0,0,all_items_outside_date_window,,"rejected_non_article=1; article_fetch_errors=0; successful_recovery_methods=['requests', 'requests:article_page_verification']; rejected_non_article=0; article_fetch_errors=0; successful_recovery_methods=['requests', 'requests:article_page_verification']; contextual_pass=section_coverage:United Nations; rejected_non_article=0; article_fetch_errors=0; successful_recovery_methods=['requests', 'requests:article_page_verification']; contextual_pass=section_coverage:Politics; rejected_non_article=0; article_fetch_errors=0; successful_recovery_methods=['requests', 'requests:article_page_verification']; contextual_pass=section_coverage:Military & Security; rejected_non_article=0; article_fetch_errors=0; successful_recovery_methods=['requests', 'requests:article_page_verification']; contextual_pass=section_coverage:Human Rights & Rule of Law; rejected_non_article=0; article_fetch_errors=0; successful_recovery_methods=['requests', 'requests:article_page_verification']; contextual_pass=section_coverage:Economy & Energy; rejected_non_article=0; article_fetch_errors=0; successful_recovery_methods=['requests', 'requests:article_page_verification']; contextual_pass=section_coverage:Environment; rejected_non_article=0; article_fetch_errors=0; successful_recovery_methods=['requests', 'requests:article_page_verification']; contextual_pass=section_coverage:Regional & International; rejected_non_article=0; article_fetch_errors=0; successful_recovery_methods=['requests', 'requests:article_page_verification']; contextual_pass=section_coverage:Varieties",2026-06-17T06:50:36Z
Libya 24,https://libya24.tv/category/news/ | https://libya24.tv/ | https://libya24.tv/feed/ | https://libya24.tv/?s=UNSMIL+Libya | https://libya24.tv/?s=structured+dialogue+reaction | https://libya24.tv/?s=Libya+arrests | https://libya24.tv/?s=Libya+migrant+smuggling | https://libya24.tv/?s=Libya+oil+production | https://libya24.tv/?s=Libya+rain | https://libya24.tv/?s=Libya+Egypt+talks | https://libya24.tv/?s=Libya+analysis,ok,224,50,224,72,24,117,11,0,,,"rejected_non_article=0; article_fetch_errors=0; successful_recovery_methods=['requests', 'requests:article_page_verification']; rejected_non_article=0; article_fetch_errors=0; successful_recovery_methods=['requests', 'requests:article_page_verification']; contextual_pass=section_coverage:United Nations; rejected_non_article=0; article_fetch_errors=0; successful_recovery_methods=['requests', 'requests:article_page_verification']; contextual_pass=section_coverage:Politics; rejected_non_article=0; article_fetch_errors=0; successful_recovery_methods=['requests', 'requests:article_page_verification']; contextual_pass=section_coverage:Military & Security; rejected_non_article=0; article_fetch_errors=0; successful_recovery_methods=['requests', 'requests:article_page_verification']; contextual_pass=section_coverage:Human Rights & Rule of Law; rejected_non_article=0; article_fetch_errors=0; successful_recovery_methods=['requests', 'requests:article_page_verification']; contextual_pass=section_coverage:Economy & Energy; rejected_non_article=0; article_fetch_errors=0; successful_recovery_methods=['requests', 'requests:article_page_verification']; contextual_pass=section_coverage:Environment; rejected_non_article=0; article_fetch_errors=0; successful_recovery_methods=['requests', 'requests:article_page_verification']; contextual_pass=section_coverage:Regional & International; rejected_non_article=0; article_fetch_errors=0; successful_recovery_methods=['requests', 'requests:article_page_verification']; contextual_pass=section_coverage:Varieties",2026-06-17T06:51:13Z
Libya Herald,https://libyaherald.com/category/libya/ | https://libyaherald.com/ | https://libyaherald.com/feed/ | https://libyaherald.com/?s=UNSMIL+Libya | https://libyaherald.com/?s=structured+dialogue+reaction | https://libyaherald.com/?s=Libya+arrests | https://libyaherald.com/?s=Libya+migrant+smuggling | https://libyaherald.com/?s=Libya+oil+production | https://libyaherald.com/?s=Libya+rain | https://libyaherald.com/?s=Libya+Egypt+talks | https://libyaherald.com/?s=Libya+analysis,ok,126,46,70,61,9,24,32,0,,,"rejected_non_article=0; article_fetch_errors=0; successful_recovery_methods=['requests', 'requests:article_page_verification']; rejected_non_article=0; article_fetch_errors=0; successful_recovery_methods=['requests', 'requests:article_page_verification']; contextual_pass=section_coverage:United Nations; rejected_non_article=0; article_fetch_errors=0; successful_recovery_methods=['requests', 'requests:article_page_verification']; contextual_pass=section_coverage:Politics; rejected_non_article=0; article_fetch_errors=0; successful_recovery_methods=['requests', 'requests:article_page_verification']; contextual_pass=section_coverage:Military & Security; rejected_non_article=0; article_fetch_errors=0; successful_recovery_methods=['requests', 'requests:article_page_verification']; contextual_pass=section_coverage:Human Rights & Rule of Law; rejected_non_article=0; article_fetch_errors=0; successful_recovery_methods=['requests', 'requests:article_page_verification']; contextual_pass=section_coverage:Economy & Energy; rejected_non_article=0; article_fetch_errors=0; successful_recovery_methods=['requests', 'requests:article_page_verification']; contextual_pass=section_coverage:Environment; rejected_non_article=0; article_fetch_errors=0; successful_recovery_methods=['requests', 'requests:article_page_verification']; contextual_pass=section_coverage:Regional & International; rejected_non_article=0; article_fetch_errors=0; successful_recovery_methods=['requests', 'requests:article_page_verification']; contextual_pass=section_coverage:Varieties",2026-06-17T06:51:33Z
RNA Reportage,https://reportage.ly/ | https://reportage.ly/category/news/ | https://reportage.ly/feed/ | https://reportage.ly/?s=UNSMIL+Libya | https://reportage.ly/?s=structured+dialogue+reaction | https://reportage.ly/?s=Libya+arrests | https://reportage.ly/?s=Libya+migrant+smuggling | https://reportage.ly/?s=Libya+oil+production | https://reportage.ly/?s=Libya+rain | https://reportage.ly/?s=Libya+Egypt+talks | https://reportage.ly/?s=Libya+analysis,ok,63,18,55,6,23,26,8,0,no_article_links_found,,"rejected_non_article=0; article_fetch_errors=0; successful_recovery_methods=['requests', 'requests:article_page_verification']; rejected_non_article=0; article_fetch_errors=0; successful_recovery_methods=['requests']; contextual_pass=section_coverage:United Nations; rejected_non_article=0; article_fetch_errors=0; successful_recovery_methods=['requests']; contextual_pass=section_coverage:Politics; rejected_non_article=0; article_fetch_errors=0; successful_recovery_methods=['requests']; contextual_pass=section_coverage:Military & Security; rejected_non_article=0; article_fetch_errors=0; successful_recovery_methods=['requests']; contextual_pass=section_coverage:Human Rights & Rule of Law; rejected_non_article=0; article_fetch_errors=0; successful_recovery_methods=['requests']; contextual_pass=section_coverage:Economy & Energy; rejected_non_article=0; article_fetch_errors=0; successful_recovery_methods=['requests']; contextual_pass=section_coverage:Environment; rejected_non_article=0; article_fetch_errors=0; successful_recovery_methods=['requests']; contextual_pass=section_coverage:Regional & International; rejected_non_article=0; article_fetch_errors=0; successful_recovery_methods=['requests']; contextual_pass=section_coverage:Varieties",2026-06-17T06:51:46Z
Al Sabaah,https://alsabaah.ly/category/libya/ | https://alsabaah.ly/ | https://alsabaah.ly/feed/ | https://alsabaah.ly/?s=UNSMIL+Libya | https://alsabaah.ly/?s=structured+dialogue+reaction | https://alsabaah.ly/?s=Libya+arrests | https://alsabaah.ly/?s=Libya+migrant+smuggling | https://alsabaah.ly/?s=Libya+oil+production | https://alsabaah.ly/?s=Libya+rain | https://alsabaah.ly/?s=Libya+Egypt+talks | https://alsabaah.ly/?s=Libya+analysis,ok,19,19,10,0,1,18,0,0,selector_failed,,"rejected_non_article=1; article_fetch_errors=0; successful_recovery_methods=['requests', 'requests:article_page_verification']; rejected_non_article=1; article_fetch_errors=0; successful_recovery_methods=['requests', 'requests:article_page_verification']; contextual_pass=section_coverage:United Nations; rejected_non_article=1; article_fetch_errors=0; successful_recovery_methods=['requests', 'requests:article_page_verification']; contextual_pass=section_coverage:Politics; rejected_non_article=1; article_fetch_errors=0; successful_recovery_methods=['requests', 'requests:article_page_verification']; contextual_pass=section_coverage:Military & Security; rejected_non_article=1; article_fetch_errors=0; successful_recovery_methods=['requests', 'requests:article_page_verification']; contextual_pass=section_coverage:Human Rights & Rule of Law; rejected_non_article=1; article_fetch_errors=0; successful_recovery_methods=['requests', 'requests:article_page_verification']; contextual_pass=section_coverage:Economy & Energy; rejected_non_article=1; article_fetch_errors=0; successful_recovery_methods=['requests', 'requests:article_page_verification']; contextual_pass=section_coverage:Environment; rejected_non_article=1; article_fetch_errors=0; successful_recovery_methods=['requests', 'requests:article_page_verification']; contextual_pass=section_coverage:Regional & International; rejected_non_article=1; article_fetch_errors=0; successful_recovery_methods=['requests', 'requests:article_page_verification']; contextual_pass=section_coverage:Varieties",2026-06-17T06:51:53Z
Libya Review,https://libyareview.com/category/libya/ | https://libyareview.com/ | https://libyareview.com/feed/ | https://libyareview.com/?s=UNSMIL+Libya | https://libyareview.com/?s=structured+dialogue+reaction | https://libyareview.com/?s=Libya+arrests | https://libyareview.com/?s=Libya+migrant+smuggling | https://libyareview.com/?s=Libya+oil+production | https://libyareview.com/?s=Libya+Egypt+talks | https://libyareview.com/?s=Libya+analysis,ok,139,46,46,11,35,0,93,0,all_items_outside_date_window,,"rejected_non_article=0; article_fetch_errors=0; successful_recovery_methods=['requests', 'requests:article_page_verification']; rejected_non_article=0; article_fetch_errors=0; successful_recovery_methods=['requests', 'requests:article_page_verification']; contextual_pass=section_coverage:United Nations; rejected_non_article=0; article_fetch_errors=0; successful_recovery_methods=['requests', 'requests:article_page_verification']; contextual_pass=section_coverage:Politics; rejected_non_article=0; article_fetch_errors=0; successful_recovery_methods=['requests', 'requests:article_page_verification']; contextual_pass=section_coverage:Military & Security; rejected_non_article=0; article_fetch_errors=0; successful_recovery_methods=['requests', 'requests:article_page_verification']; contextual_pass=section_coverage:Human Rights & Rule of Law; rejected_non_article=0; article_fetch_errors=0; successful_recovery_methods=['requests', 'requests:article_page_verification']; contextual_pass=section_coverage:Economy & Energy; rejected_non_article=0; article_fetch_errors=0; successful_recovery_methods=['requests', 'requests:article_page_verification']; contextual_pass=section_coverage:Regional & International; rejected_non_article=0; article_fetch_errors=0; successful_recovery_methods=['requests', 'requests:article_page_verification']; contextual_pass=section_coverage:Varieties",2026-06-17T06:52:09Z
Address Libya,https://www.addresslibya.com/libya/ | https://www.addresslibya.com/ | https://www.addresslibya.com/feed/ | https://www.addresslibya.com/?s=UNSMIL+Libya | https://www.addresslibya.com/?s=Libya+arrests | https://www.addresslibya.com/?s=Libya+migrant+smuggling | https://www.addresslibya.com/?s=Libya+oil+production | https://www.addresslibya.com/?s=Libya+Egypt+talks,ok,57,34,54,11,30,15,1,0,all_items_outside_date_window,,"rejected_non_article=0; article_fetch_errors=0; successful_recovery_methods=['requests', 'requests:article_page_verification']; rejected_non_article=0; article_fetch_errors=0; successful_recovery_methods=['requests', 'requests:article_page_verification']; contextual_pass=section_coverage:United Nations; rejected_non_article=0; article_fetch_errors=0; successful_recovery_methods=['requests', 'requests:article_page_verification']; contextual_pass=section_coverage:Military & Security; rejected_non_article=0; article_fetch_errors=0; successful_recovery_methods=['requests', 'requests:article_page_verification']; contextual_pass=section_coverage:Human Rights & Rule of Law; rejected_non_article=0; article_fetch_errors=0; successful_recovery_methods=['requests', 'requests:article_page_verification']; contextual_pass=section_coverage:Economy & Energy; rejected_non_article=0; article_fetch_errors=0; successful_recovery_methods=['requests', 'requests:article_page_verification']; contextual_pass=section_coverage:Regional & International",2026-06-17T06:52:38Z
Al Shahed,https://lywitness.com/category/libya/ | https://lywitness.com/ | https://lywitness.com/feed/ | https://lywitness.com/?s=UNSMIL+Libya | https://lywitness.com/?s=Libya+Egypt+talks,ok,38,26,35,15,20,3,0,0,,,"rejected_non_article=0; article_fetch_errors=0; successful_recovery_methods=['requests', 'requests:article_page_verification']; rejected_non_article=0; article_fetch_errors=0; successful_recovery_methods=['requests', 'requests:article_page_verification']; contextual_pass=section_coverage:United Nations; rejected_non_article=0; article_fetch_errors=0; successful_recovery_methods=['requests', 'requests:article_page_verification']; contextual_pass=section_coverage:Regional & International",2026-06-17T06:52:56Z
Al Marsad,https://almarsad.co/category/libya/ | https://almarsad.co/ | https://almarsad.co/feed/ | https://almarsad.co/?s=UNSMIL+Libya | https://almarsad.co/?s=structured+dialogue+reaction | https://almarsad.co/?s=Libya+arrests | https://almarsad.co/?s=Libya+migrant+smuggling | https://almarsad.co/?s=Libya+Egypt+talks,ok,85,30,85,55,0,30,0,0,,,"rejected_non_article=0; article_fetch_errors=0; successful_recovery_methods=['requests_with_browser_headers', 'requests_with_browser_headers:article_page_verification']; rejected_non_article=0; article_fetch_errors=0; successful_recovery_methods=['requests_with_browser_headers', 'requests_with_browser_headers:article_page_verification']; contextual_pass=section_coverage:United Nations; rejected_non_article=0; article_fetch_errors=0; successful_recovery_methods=['requests_with_browser_headers', 'requests_with_browser_headers:article_page_verification']; contextual_pass=section_coverage:Politics; rejected_non_article=0; article_fetch_errors=0; successful_recovery_methods=['requests_with_browser_headers', 'requests_with_browser_headers:article_page_verification']; contextual_pass=section_coverage:Military & Security; rejected_non_article=0; article_fetch_errors=0; successful_recovery_methods=['requests_with_browser_headers', 'requests_with_browser_headers:article_page_verification']; contextual_pass=section_coverage:Human Rights & Rule of Law; rejected_non_article=0; article_fetch_errors=0; successful_recovery_methods=['session_reuse', 'requests_with_browser_headers:article_page_verification']; contextual_pass=section_coverage:Regional & International",2026-06-17T06:53:05Z
Libya Update,https://libyaupdate.com/news/ | https://libyaupdate.com/ | https://libyaupdate.com/feed/ | https://libyaupdate.com/?s=UNSMIL+Libya | https://libyaupdate.com/?s=Libya+oil+production | https://libyaupdate.com/?s=Libya+Egypt+talks,ok,69,30,30,8,20,21,20,0,,,"rejected_non_article=2; article_fetch_errors=0; successful_recovery_methods=['requests_with_browser_headers', 'requests', 'requests:article_page_verification', 'requests_with_browser_headers:article_page_verification']; rejected_non_article=0; article_fetch_errors=0; successful_recovery_methods=['requests_with_browser_headers', 'requests:article_page_verification']; contextual_pass=section_coverage:United Nations; rejected_non_article=0; article_fetch_errors=0; successful_recovery_methods=['requests_with_browser_headers', 'requests:article_page_verification']; contextual_pass=section_coverage:Economy & Energy; rejected_non_article=0; article_fetch_errors=0; successful_recovery_methods=['requests_with_browser_headers', 'requests:article_page_verification']; contextual_pass=section_coverage:Regional & International",2026-06-17T06:53:29Z
Fawasel Media,https://fawaselmedia.com/category/politics/ | https://fawaselmedia.com/ | https://fawaselmedia.com/feed/ | https://fawaselmedia.com/?s=UNSMIL+Libya | https://fawaselmedia.com/?s=Libya+Egypt+talks,ok,16,16,13,0,13,3,0,0,all_items_outside_date_window,,"rejected_non_article=0; article_fetch_errors=0; successful_recovery_methods=['requests', 'requests:article_page_verification']; rejected_non_article=0; article_fetch_errors=0; successful_recovery_methods=['requests', 'requests:article_page_verification']; contextual_pass=section_coverage:United Nations; rejected_non_article=0; article_fetch_errors=0; successful_recovery_methods=['requests', 'requests:article_page_verification']; contextual_pass=section_coverage:Regional & International",2026-06-17T06:54:19Z
Tanasuh,https://tanasuh.tv/category/news/ | https://tanasuh.tv/ | https://tanasuh.tv/feed/ | https://tanasuh.tv/?s=UNSMIL+Libya | https://tanasuh.tv/?s=Libya+Egypt+talks,ok,20,12,17,6,0,14,0,0,,,"rejected_non_article=2; article_fetch_errors=0; successful_recovery_methods=['requests_with_browser_headers', 'requests', 'requests:article_page_verification']; rejected_non_article=1; article_fetch_errors=0; successful_recovery_methods=['requests', 'requests:article_page_verification']; contextual_pass=section_coverage:United Nations; rejected_non_article=1; article_fetch_errors=0; successful_recovery_methods=['requests', 'requests:article_page_verification']; contextual_pass=section_coverage:Regional & International",2026-06-17T06:54:25Z
Akhbar Libya 24,https://akhbarlibya24.net/category/libya-news/ | https://akhbarlibya24.net/ | https://akhbarlibya24.net/feed/ | https://akhbarlibya24.net/?s=UNSMIL+Libya | https://akhbarlibya24.net/?s=structured+dialogue+reaction | https://akhbarlibya24.net/?s=Libya+Egypt+talks,ok,44,22,44,11,8,8,17,0,,,"rejected_non_article=1; article_fetch_errors=0; successful_recovery_methods=['requests_with_browser_headers', 'requests_with_browser_headers:article_page_verification']; rejected_non_article=0; article_fetch_errors=0; successful_recovery_methods=['requests_with_browser_headers', 'requests_with_browser_headers:article_page_verification']; contextual_pass=section_coverage:United Nations; rejected_non_article=0; article_fetch_errors=0; successful_recovery_methods=['requests_with_browser_headers', 'requests_with_browser_headers:article_page_verification']; contextual_pass=section_coverage:Politics; rejected_non_article=0; article_fetch_errors=0; successful_recovery_methods=['requests_with_browser_headers', 'requests_with_browser_headers:article_page_verification']; contextual_pass=section_coverage:Regional & International",2026-06-17T06:54:35Z
Al Saaa 24,https://alsaaa24.net/category/libya | https://alsaaa24.net/ | https://alsaaa24.net/feed,ok,31,18,24,0,10,15,6,0,all_items_outside_date_window,,"rejected_non_article=0; article_fetch_errors=0; successful_recovery_methods=['requests', 'requests:article_page_verification']",2026-06-17T06:55:10Z
Asharq Al Awsat,https://aawsat.com/tags/%D9%84%D9%8A%D8%A8%D9%8A%D8%A7 | https://aawsat.com/feed | https://aawsat.com/rss/ | https://aawsat.com/search?search=UNSMIL+Libya | https://aawsat.com/search?search=Libya+Egypt+talks | https://aawsat.com/search?search=Libya+analysis,ok,0,0,0,0,0,0,0,0,no_article_links_found,,"rejected_non_article=0; article_fetch_errors=0; successful_recovery_methods=['requests_with_browser_headers', 'requests_with_browser_headers:sitemap_discovery', 'playwright_default:sitemap_discovery', 'playwright_default:category_pages', 'requests_with_browser_headers:category_pages', 'playwright_default:archive_pages']; rejected_non_article=0; article_fetch_errors=0; successful_recovery_methods=[]; contextual_pass=section_coverage:United Nations; rejected_non_article=0; article_fetch_errors=0; successful_recovery_methods=[]; contextual_pass=section_coverage:Regional & International; rejected_non_article=0; article_fetch_errors=0; successful_recovery_methods=[]; contextual_pass=section_coverage:Varieties",2026-06-17T06:56:09Z
Al Mashhad,https://www.almashhad.com/section/773112298002792-News/ | https://www.almashhad.com/feed/ | https://www.almashhad.com/rss.xml,ok,0,0,0,0,0,0,0,1,no_article_links_found,"https://www.almashhad.com/rss/: requests=('Connection aborted.', ConnectionResetError(54, 'Connection reset by peer')); requests_with_browser_headers=('Connection aborted.', ConnectionResetError(54, 'Connection reset by peer')); session_reuse=('Connection aborted.', ConnectionResetError(54, 'Connection reset by peer')); playwright_default=Failed to fetch https://www.almashhad.com/rss/ after 1 attempts","rejected_non_article=0; article_fetch_errors=0; successful_recovery_methods=['playwright_default:sitemap_discovery', 'playwright_default:category_pages', 'playwright_default:archive_pages']",2026-06-17T06:56:47Z
Al Ain,https://al-ain.com/tag/libya | https://al-ain.com/ | https://al-ain.com/feed/ | https://al-ain.com/search?query=UNSMIL+Libya | https://al-ain.com/search?query=Libya+Egypt+talks,ok,55,18,18,0,0,55,0,0,all_items_failed_relevance_filter,,"rejected_non_article=0; article_fetch_errors=0; successful_recovery_methods=['requests', 'requests:article_page_verification']; rejected_non_article=0; article_fetch_errors=0; successful_recovery_methods=[]; contextual_pass=section_coverage:United Nations; rejected_non_article=0; article_fetch_errors=0; successful_recovery_methods=[]; contextual_pass=section_coverage:Regional & International",2026-06-17T06:56:56Z
Arabi21,https://arabi21.com/stories/t/49474/0/%D9%84%D9%8A%D8%A8%D9%8A%D8%A7 | https://arabi21.com/feed/ | https://arabi21.com/rss/ | https://arabi21.com/Search?searchText=UNSMIL+Libya | https://arabi21.com/Search?searchText=Libya+Egypt+talks | https://arabi21.com/Search?searchText=Libya+analysis,ok,5,5,5,0,0,5,0,0,all_items_failed_relevance_filter,,"rejected_non_article=1; article_fetch_errors=0; successful_recovery_methods=['requests', 'requests:article_page_verification']; rejected_non_article=0; article_fetch_errors=0; successful_recovery_methods=[]; contextual_pass=section_coverage:United Nations; rejected_non_article=0; article_fetch_errors=0; successful_recovery_methods=[]; contextual_pass=section_coverage:Regional & International; rejected_non_article=0; article_fetch_errors=0; successful_recovery_methods=[]; contextual_pass=section_coverage:Varieties",2026-06-17T06:57:05Z
New Arab,https://www.newarab.com/tag/libya | https://www.newarab.com/rss | https://www.newarab.com/search?search_api_fulltext=UNSMIL+Libya | https://www.newarab.com/search?search_api_fulltext=Libya+Egypt+talks | https://www.newarab.com/search?search_api_fulltext=Libya+analysis,ok,13,13,7,0,1,12,0,0,all_items_outside_date_window,,"rejected_non_article=0; article_fetch_errors=0; successful_recovery_methods=['requests', 'requests:article_page_verification']; rejected_non_article=0; article_fetch_errors=0; successful_recovery_methods=[]; contextual_pass=section_coverage:United Nations; rejected_non_article=0; article_fetch_errors=0; successful_recovery_methods=[]; contextual_pass=section_coverage:Regional & International; rejected_non_article=0; article_fetch_errors=0; successful_recovery_methods=[]; contextual_pass=section_coverage:Varieties",2026-06-17T06:57:24Z
ANSA,https://www.ansa.it/english/ | https://www.ansa.it/english/news/world/ | https://www.ansa.it/feed/,ok,31,18,15,0,0,31,0,0,all_items_failed_relevance_filter,,"rejected_non_article=1; article_fetch_errors=0; successful_recovery_methods=['requests', 'requests:article_page_verification']",2026-06-17T06:57:36Z
Anadolu Agency,https://www.aa.com.tr/en/africa | https://www.aa.com.tr/en | https://www.aa.com.tr/feed/ | https://www.aa.com.tr/en/search/?s=UNSMIL+Libya | https://www.aa.com.tr/en/search/?s=Libya+Egypt+talks,ok,18,14,0,0,0,18,0,1,all_items_failed_relevance_filter,"https://www.aa.com.tr/rss/: requests=('Connection aborted.', ConnectionResetError(54, 'Connection reset by peer')); requests_with_browser_headers=Exceeded 30 redirects.; session_reuse=Exceeded 30 redirects.; playwright_default=Failed to fetch https://www.aa.com.tr/rss/ after 1 attempts","rejected_non_article=0; article_fetch_errors=0; successful_recovery_methods=['requests_with_browser_headers', 'requests_with_browser_headers:article_page_verification']; rejected_non_article=0; article_fetch_errors=0; successful_recovery_methods=['requests_with_browser_headers', 'requests_with_browser_headers:article_page_verification']; contextual_pass=section_coverage:United Nations; rejected_non_article=0; article_fetch_errors=0; successful_recovery_methods=['requests_with_browser_headers', 'requests_with_browser_headers:article_page_verification']; contextual_pass=section_coverage:Regional & International",2026-06-17T06:58:18Z
The Guardian,https://www.theguardian.com/world/libya | https://www.theguardian.com/feed | https://www.theguardian.com/uk/rss,ok,31,18,13,0,0,31,0,0,all_items_failed_relevance_filter,,"rejected_non_article=6; article_fetch_errors=0; successful_recovery_methods=['requests', 'requests:article_page_verification']",2026-06-17T06:58:31Z
BSS News,https://www.bssnews.net/international | https://www.bssnews.net/ | https://www.bssnews.net/feed/,ok,9,9,8,0,0,9,0,0,all_items_failed_relevance_filter,,"rejected_non_article=2; article_fetch_errors=0; successful_recovery_methods=['requests', 'requests:article_page_verification']",2026-06-17T06:58:40Z
CH Aviation,https://www.ch-aviation.com/news | https://www.ch-aviation.com/feed/ | https://www.ch-aviation.com/rss/,ok,27,18,0,0,0,27,0,0,all_items_failed_relevance_filter,,"rejected_non_article=1; article_fetch_errors=0; successful_recovery_methods=['requests', 'requests:article_page_verification']",2026-06-17T06:58:54Z
Volcanodiscovery,https://www.volcanodiscovery.com/earthquakes/libya.html | https://www.volcanodiscovery.com/feed/ | https://www.volcanodiscovery.com/rss/,ok,15,15,11,0,2,13,0,0,all_items_outside_date_window,,"rejected_non_article=0; article_fetch_errors=0; successful_recovery_methods=['requests', 'requests:article_page_verification', 'requests_with_browser_headers:article_page_verification']",2026-06-17T06:59:04Z
Reuters,https://www.reuters.com/world/africa/ | https://www.reuters.com/feed/ | https://www.reuters.com/rss/ | https://www.reuters.com/site-search/?query=UNSMIL+Libya | https://www.reuters.com/site-search/?query=Libya+Egypt+talks,ok,0,0,0,0,0,0,0,0,no_article_links_found,,"rejected_non_article=0; article_fetch_errors=0; successful_recovery_methods=['playwright_default:sitemap_discovery', 'playwright_default:category_pages', 'playwright_default:archive_pages']; rejected_non_article=0; article_fetch_errors=0; successful_recovery_methods=[]; contextual_pass=section_coverage:United Nations; rejected_non_article=0; article_fetch_errors=0; successful_recovery_methods=[]; contextual_pass=section_coverage:Regional & International",2026-06-17T06:59:33Z
AP,https://apnews.com/hub/libya | https://apnews.com/feed/ | https://apnews.com/rss/ | https://apnews.com/search?q=UNSMIL+Libya | https://apnews.com/search?q=Libya+Egypt+talks,ok,261,26,25,0,0,261,0,0,all_items_failed_relevance_filter,,"rejected_non_article=4; article_fetch_errors=0; successful_recovery_methods=['requests', 'requests:article_page_verification']; rejected_non_article=4; article_fetch_errors=0; successful_recovery_methods=['requests', 'requests:article_page_verification']; contextual_pass=section_coverage:United Nations; rejected_non_article=4; article_fetch_errors=0; successful_recovery_methods=['requests', 'requests:article_page_verification']; contextual_pass=section_coverage:Regional & International",2026-06-17T06:59:51Z
BBC,https://www.bbc.com/news/topics/c302m85qenyt | https://www.bbc.com/feed/ | https://www.bbc.com/rss/ | https://www.bbc.co.uk/search?q=UNSMIL+Libya&edgeauth=eyJhbGciOiAiSFMyNTYiLCAidHlwIjogIkpXVCJ9.eyJrZXkiOiAiZmFzdGx5LXVyaS10b2tlbi0xIiwiZXhwIjogMTc4MTY4MDAxNywibmJmIjogMTc4MTY3OTY1NywicmVxdWVzdHVyaSI6ICIlMkZzZWFyY2glM0ZxJTNEVU5TTUlMJTJCTGlieWEifQ.2DziULU2Z54C3mfEQHy80WB9Jo9ywagKhlV8Klz6d7g | https://www.bbc.co.uk/search?q=Libya+Egypt+talks&edgeauth=eyJhbGciOiAiSFMyNTYiLCAidHlwIjogIkpXVCJ9.eyJrZXkiOiAiZmFzdGx5LXVyaS10b2tlbi0xIiwiZXhwIjogMTc4MTY4MDQ5MSwibmJmIjogMTc4MTY4MDEzMSwicmVxdWVzdHVyaSI6ICIlMkZzZWFyY2glM0ZxJTNETGlieWElMkJFZ3lwdCUyQnRhbGtzIn0.lx5F3OJbtJSG2Q07zEcqrKm8wr0rtSMdnfzry6Yvd-A,ok,69,26,13,0,4,52,13,0,all_items_failed_relevance_filter,,"rejected_non_article=1; article_fetch_errors=0; successful_recovery_methods=['requests', 'requests:article_page_verification']; rejected_non_article=0; article_fetch_errors=0; successful_recovery_methods=['requests', 'requests:article_page_verification']; contextual_pass=section_coverage:United Nations; rejected_non_article=0; article_fetch_errors=0; successful_recovery_methods=['requests', 'requests:article_page_verification']; contextual_pass=section_coverage:Regional & International",2026-06-17T07:00:04Z
Al Jazeera Arabic - Libya,https://www.aljazeera.net/where/mideast/arab/libya/ | https://www.aljazeera.net/feed/ | https://www.aljazeera.net/rss/ | https://www.aljazeera.net/search/unsmil+libya | https://www.aljazeera.net/search/libya+egypt+talks | https://www.aljazeera.net/search/libya+analysis,ok,100,30,29,7,13,77,3,0,,,"rejected_non_article=9; article_fetch_errors=0; successful_recovery_methods=['requests', 'requests:article_page_verification']; rejected_non_article=8; article_fetch_errors=0; successful_recovery_methods=['requests', 'requests:article_page_verification', 'requests_with_browser_headers:article_page_verification']; contextual_pass=section_coverage:United Nations; rejected_non_article=8; article_fetch_errors=0; successful_recovery_methods=['requests', 'requests:article_page_verification', 'requests_with_browser_headers:article_page_verification']; contextual_pass=section_coverage:Regional & International; rejected_non_article=8; article_fetch_errors=0; successful_recovery_methods=['requests', 'requests:article_page_verification', 'requests_with_browser_headers:article_page_verification']; contextual_pass=section_coverage:Varieties",2026-06-17T07:00:20Z
